line,stanza,line_number
'Vilia miretur vulgus; mihi flavus Apollo,1,1
Pocula Castalia plena ministret aqua.',1,2
TO THE,2,3
"RIGHT HONORABLE HENRY WRIOTHESLY,",2,4
"EARL OF SOUTHAMPTON, AND BARON OF TICHFIELD.",2,5
"RIGHT HONORABLE,",2,6
EVEN as the sun with purple-colour'd face,3,7
"Had ta'en his last leave of the weeping morn,",3,8
Rose-cheek'd Adonis hied him to the chase;,3,9
"Hunting he loved, but love he laugh'd to scorn;",3,10
"Sick-thoughted Venus makes amain unto him,",3,11
And like a bold-faced suitor 'gins to woo him.,3,12
"'Thrice-fairer than myself,' thus she began,",4,13
"'The field's chief flower, sweet above compare,",4,14
"Stain to all nymphs, more lovely than a man,",4,15
More white and red than doves or roses are;,4,16
"Nature that made thee, with herself at strife,",4,17
Saith that the world hath ending with thy life.,4,18
"'Vouchsafe, thou wonder, to alight thy steed,",5,19
And rein his proud head to the saddle-bow;,5,20
"If thou wilt deign this favour, for thy meed",5,21
A thousand honey secrets shalt thou know:,5,22
"Here come and sit, where never serpent hisses,",5,23
"And being set, I'll smother thee with kisses;",5,24
"'And yet not cloy thy lips with loathed satiety,",6,25
"But rather famish them amid their plenty,",6,26
"Making them red and pale with fresh variety,",6,27
"Ten kisses short as one, one long as twenty:",6,28
"A summer's day will seem an hour but short,",6,29
Being wasted in such time-beguiling sport.',6,30
"With this she seizeth on his sweating palm,",7,31
"The precedent of pith and livelihood,",7,32
"And trembling in her passion, calls it balm,",7,33
Earth's sovereign salve to do a goddess good:,7,34
"Being so enraged, desire doth lend her force",7,35
Courageously to pluck him from his horse.,7,36
"Over one arm the lusty courser's rein,",8,37
"Under her other was the tender boy,",8,38
"Who blush'd and pouted in a dull disdain,",8,39
"With leaden appetite, unapt to toy;",8,40
"She red and hot as coals of glowing fire,",8,41
"He red for shame, but frosty in desire.",8,42
The studded bridle on a ragged bough,9,43
"Nimbly she fastens:--O, how quick is love!--",9,44
"The steed is stalled up, and even now",9,45
To tie the rider she begins to prove:,9,46
"Backward she push'd him, as she would be thrust,",9,47
"And govern'd him in strength, though not in lust.",9,48
"So soon was she along as he was down,",10,49
Each leaning on their elbows and their hips:,10,50
"Now doth she stroke his cheek, now doth he frown,",10,51
"And 'gins to chide, but soon she stops his lips;",10,52
"And kissing speaks, with lustful language broken,",10,53
"'If thou wilt chide, thy lips shall never open.'",10,54
He burns with bashful shame: she with her tears,11,55
Doth quench the maiden burning of his cheeks;,11,56
Then with her windy sighs and golden hairs,11,57
To fan and blow them dry again she seeks:,11,58
"He saith she is immodest, blames her 'miss;",11,59
What follows more she murders with a kiss.,11,60
"Even as an empty eagle, sharp by fast,",12,61
"Tires with her beak on feathers, flesh and bone,",12,62
"Shaking her wings, devouring all in haste,",12,63
Till either gorge be stuff'd or prey be gone;,12,64
"Even so she kissed his brow, his cheek, his chin,",12,65
And where she ends she doth anew begin.,12,66
"Forced to content, but never to obey,",13,67
Panting he lies and breatheth in her face;,13,68
"She feedeth on the steam as on a prey,",13,69
"And calls it heavenly moisture, air of grace;",13,70
"Wishing her cheeks were gardens full of flowers,",13,71
So they were dew'd with such distilling showers.,13,72
"Look, how a bird lies tangled in a net,",14,73
So fasten'd in her arms Adonis lies;,14,74
"Pure shame and awed resistance made him fret,",14,75
Which bred more beauty in his angry eyes:,14,76
Rain added to a river that is rank,14,77
Perforce will force it overflow the bank.,14,78
"Still she entreats, and prettily entreats,",15,79
For to a pretty ear she tunes her tale;,15,80
"Still is he sullen, still he lours and frets,",15,81
'Twixt crimson shame and anger ashy-pale:,15,82
"Being red, she loves him best; and being white,",15,83
Her best is better'd with a more delight.,15,84
"Look how he can, she cannot choose but love;",16,85
"And by her fair immortal hand she swears,",16,86
"From his soft bosom never to remove,",16,87
"Till he take truce with her contending tears,",16,88
"Which long have rain'd, making her cheeks all wet;",16,89
And one sweet kiss shall pay this countless debt.,16,90
"Upon this promise did he raise his chin,",17,91
"Like a dive-dapper peering through a wave,",17,92
"Who, being look'd on, ducks as quickly in;",17,93
So offers he to give what she did crave;,17,94
"But when her lips were ready for his pay,",17,95
"He winks, and turns his lips another way.",17,96
Never did passenger in summer's heat,18,97
More thirst for drink than she for this good turn.,18,98
"Her help she sees, but help she cannot get;",18,99
"She bathes in water, yet her fire must burn:",18,100
"'O, pity,' 'gan she cry, 'flint-hearted boy!",18,101
'Tis but a kiss I beg; why art thou coy?,18,102
"'I have been woo'd, as I entreat thee now,",19,103
"Even by the stern and direful god of war,",19,104
"Whose sinewy neck in battle ne'er did bow,",19,105
Who conquers where he comes in every jar;,19,106
"Yet hath he been my captive and my slave,",19,107
And begg'd for that which thou unask'd shalt have.,19,108
"'Over my altars hath he hung his lance,",20,109
"His batter'd shield, his uncontrolled crest,",20,110
"And for my sake hath learn'd to sport and dance,",20,111
"To toy, to wanton, dally, smile and jest,",20,112
"Scorning his churlish drum and ensign red,",20,113
"Making my arms his field, his tent my bed.",20,114
"'Thus he that overruled I oversway'd,",21,115
Leading him prisoner in a red-rose chain:,21,116
"Strong-tempered steel his stronger strength obey'd,",21,117
Yet was he servile to my coy disdain.,21,118
"O, be not proud, nor brag not of thy might,",21,119
For mastering her that foil'd the god of fight!,21,120
"'Touch but my lips with those fair lips of thine,--",22,121
"Though mine be not so fair, yet are they red--",22,122
The kiss shall be thine own as well as mine.,22,123
What seest thou in the ground? hold up thy head:,22,124
"Look in mine eye-balls, there thy beauty lies;",22,125
"Then why not lips on lips, since eyes in eyes?",22,126
"'Art thou ashamed to kiss? then wink again,",22,127
And I will wink; so shall the day seem night;,22,128
Love keeps his revels where they are but twain;,22,129
"Be bold to play, our sport is not in sight:",22,130
These blue-vein'd violets whereon we lean,22,131
"Never can blab, nor know not what we mean.",22,132
'The tender spring upon thy tempting lip,23,133
Shows thee unripe; yet mayst thou well be tasted:,23,134
"Make use of time, let not advantage slip;",23,135
Beauty within itself should not be wasted:,23,136
Fair flowers that are not gather'd in their prime,23,137
Rot and consume themselves in little time.,23,138
"'Were I hard-favour'd, foul, or wrinkled-old,",24,139
"Ill-nurtured, crooked, churlish, harsh in voice,",24,140
"O'erworn, despised, rheumatic and cold,",24,141
"Thick-sighted, barren, lean and lacking juice,",24,142
"Then mightst thou pause, for then I were not for thee",24,143
"But having no defects, why dost abhor me?",24,144
'Thou canst not see one wrinkle in my brow;,25,145
Mine eyes are gray and bright and quick in turning:,25,146
"My beauty as the spring doth yearly grow,",25,147
"My flesh is soft and plump, my marrow burning;",25,148
"My smooth moist hand, were it with thy hand felt,",25,149
"Would in thy palm dissolve, or seem to melt.",25,150
"'Bid me discourse, I will enchant thine ear,",26,151
"Or, like a fairy, trip upon the green,",26,152
"Or, like a nymph, with long dishevell'd hair,",26,153
"Dance on the sands, and yet no footing seen:",26,154
"Love is a spirit all compact of fire,",26,155
"Not gross to sink, but light, and will aspire.",26,156
'Witness this primrose bank whereon I lie;,27,157
These forceless flowers like sturdy trees support me;,27,158
"Two strengthless doves will draw me through the sky,",27,159
"From morn till night, even where I list to sport me:",27,160
"Is love so light, sweet boy, and may it be",27,161
That thou shouldst think it heavy unto thee?,27,162
'Is thine own heart to thine own face affected?,28,163
Can thy right hand seize love upon thy left?,28,164
"Then woo thyself, be of thyself rejected,",28,165
Steal thine own freedom and complain on theft.,28,166
"Narcissus so himself himself forsook,",28,167
And died to kiss his shadow in the brook.,28,168
"'Torches are made to light, jewels to wear,",29,169
"Dainties to taste, fresh beauty for the use,",29,170
"Herbs for their smell, and sappy plants to bear:",29,171
Things growing to themselves are growth's abuse:,29,172
Seeds spring from seeds and beauty breedeth beauty;,29,173
Thou wast begot; to get it is thy duty.,29,174
"'Upon the earth's increase why shouldst thou feed,",30,175
Unless the earth with thy increase be fed?,30,176
"By law of nature thou art bound to breed,",30,177
That thine may live when thou thyself art dead;,30,178
"And so, in spite of death, thou dost survive,",30,179
In that thy likeness still is left alive.',30,180
"By this the love-sick queen began to sweat,",31,181
"For where they lay the shadow had forsook them,",31,182
"And Titan, tired in the mid-day heat,",31,183
With burning eye did hotly overlook them;,31,184
"Wishing Adonis had his team to guide,",31,185
So he were like him and by Venus' side.,31,186
"And now Adonis, with a lazy spright,",32,187
"And with a heavy, dark, disliking eye,",32,188
"His louring brows o'erwhelming his fair sight,",32,189
"Like misty vapours when they blot the sky,",32,190
"Souring his cheeks cries 'Fie, no more of love!",32,191
The sun doth burn my face: I must remove.',32,192
"'Ay me,' quoth Venus, 'young, and so unkind?",33,193
What bare excuses makest thou to be gone!,33,194
"I'll sigh celestial breath, whose gentle wind",33,195
Shall cool the heat of this descending sun:,33,196
I'll make a shadow for thee of my hairs;,33,197
"If they burn too, I'll quench them with my tears.",33,198
"'The sun that shines from heaven shines but warm,",34,199
"And, lo, I lie between that sun and thee:",34,200
"The heat I have from thence doth little harm,",34,201
Thine eye darts forth the fire that burneth me;,34,202
"And were I not immortal, life were done",34,203
Between this heavenly and earthly sun.,34,204
"'Art thou obdurate, flinty, hard as steel,",35,205
"Nay, more than flint, for stone at rain relenteth?",35,206
"Art thou a woman's son, and canst not feel",35,207
What 'tis to love? how want of love tormenteth?,35,208
"O, had thy mother borne so hard a mind,",35,209
"She had not brought forth thee, but died unkind.",35,210
"'What am I, that thou shouldst contemn me this?",36,211
Or what great danger dwells upon my suit?,36,212
What were thy lips the worse for one poor kiss?,36,213
"Speak, fair; but speak fair words, or else be mute:",36,214
"Give me one kiss, I'll give it thee again,",36,215
"And one for interest, if thou wilt have twain.",36,216
"'Fie, lifeless picture, cold and senseless stone,",37,217
"Well-painted idol, image dun and dead,",37,218
"Statue contenting but the eye alone,",37,219
"Thing like a man, but of no woman bred!",37,220
"Thou art no man, though of a man's complexion,",37,221
For men will kiss even by their own direction.',37,222
"This said, impatience chokes her pleading tongue,",38,223
And swelling passion doth provoke a pause;,38,224
Red cheeks and fiery eyes blaze forth he wrong;,38,225
"Being judge in love, she cannot right her cause:",38,226
"And now she weeps, and now she fain would speak,",38,227
And now her sobs do her intendments break.,38,228
"Sometimes she shakes her head and then his hand,",39,229
"Now gazeth she on him, now on the ground;",39,230
Sometimes her arms infold him like a band:,39,231
"She would, he will not in her arms be bound;",39,232
"And when from thence he struggles to be gone,",39,233
She locks her lily fingers one in one.,39,234
"'Fondling,' she saith, 'since I have hemm'd thee here",40,235
"Within the circuit of this ivory pale,",40,236
"I'll be a park, and thou shalt be my deer;",40,237
"Feed where thou wilt, on mountain or in dale:",40,238
"Graze on my lips; and if those hills be dry,",40,239
"Stray lower, where the pleasant fountains lie.",40,240
"Within this limit is relief enough,",41,241
"Sweet bottom-grass and high delightful plain,",41,242
"Round rising hillocks, brakes obscure and rough,",41,243
To shelter thee from tempest and from rain,41,244
"Then be my deer, since I am such a park;",41,245
"No dog shall rouse thee, though a thousand bark.'",41,246
"At this Adonis smiles as in disdain,",42,247
That in each cheek appears a pretty dimple:,42,248
"Love made those hollows, if himself were slain,",42,249
He might be buried in a tomb so simple;,42,250
"Foreknowing well, if there he came to lie,",42,251
"Why, there Love lived and there he could not die.",42,252
"These lovely caves, these round enchanting pits,",43,253
Open'd their mouths to swallow Venus' liking.,43,254
"Being mad before, how doth she now for wits?",43,255
"Struck dead at first, what needs a second striking?",43,256
"Poor queen of love, in thine own law forlorn,",43,257
To love a cheek that smiles at thee in scorn!,43,258
Now which way shall she turn? what shall she say?,44,259
"Her words are done, her woes are more increasing;",44,260
"The time is spent, her object will away,",44,261
And from her twining arms doth urge releasing.,44,262
"'Pity,' she cries, 'some favour, some remorse!'",44,263
Away he springs and hasteth to his horse.,44,264
"But, lo, from forth a copse that neighbors by,",45,265
"A breeding jennet, lusty, young and proud,",45,266
"Adonis' trampling courser doth espy,",45,267
"And forth she rushes, snorts and neighs aloud:",45,268
"The strong-neck'd steed, being tied unto a tree,",45,269
"Breaketh his rein, and to her straight goes he.",45,270
"Imperiously he leaps, he neighs, he bounds,",46,271
And now his woven girths he breaks asunder;,46,272
"The bearing earth with his hard hoof he wounds,",46,273
Whose hollow womb resounds like heaven's thunder;,46,274
"The iron bit he crusheth 'tween his teeth,",46,275
Controlling what he was controlled with.,46,276
His ears up-prick'd; his braided hanging mane,47,277
Upon his compass'd crest now stand on end;,47,278
"His nostrils drink the air, and forth again,",47,279
"As from a furnace, vapours doth he send:",47,280
"His eye, which scornfully glisters like fire,",47,281
Shows his hot courage and his high desire.,47,282
"Sometime he trots, as if he told the steps,",48,283
With gentle majesty and modest pride;,48,284
"Anon he rears upright, curvets and leaps,",48,285
"As who should say 'Lo, thus my strength is tried,",48,286
And this I do to captivate the eye,48,287
Of the fair breeder that is standing by.',48,288
"What recketh he his rider's angry stir,",49,289
"His flattering 'Holla,' or his 'Stand, I say'?",49,290
What cares he now for curb or pricking spur?,49,291
For rich caparisons or trapping gay?,49,292
"He sees his love, and nothing else he sees,",49,293
For nothing else with his proud sight agrees.,49,294
"Look, when a painter would surpass the life,",50,295
"In limning out a well-proportion'd steed,",50,296
"His art with nature's workmanship at strife,",50,297
As if the dead the living should exceed;,50,298
So did this horse excel a common one,50,299
"In shape, in courage, colour, pace and bone.",50,300
"Round-hoof'd, short-jointed, fetlocks shag and long,",51,301
"Broad breast, full eye, small head and nostril wide,",51,302
"High crest, short ears, straight legs and passing strong,",51,303
"Thin mane, thick tail, broad buttock, tender hide:",51,304
"Look, what a horse should have he did not lack,",51,305
Save a proud rider on so proud a back.,51,306
Sometime he scuds far off and there he stares;,52,307
Anon he starts at stirring of a feather;,52,308
"To bid the wind a base he now prepares,",52,309
And whether he run or fly they know not whether;,52,310
"For through his mane and tail the high wind sings,",52,311
"Fanning the hairs, who wave like feather'd wings.",52,312
He looks upon his love and neighs unto her;,53,313
She answers him as if she knew his mind:,53,314
"Being proud, as females are, to see him woo her,",53,315
"She puts on outward strangeness, seems unkind,",53,316
"Spurns at his love and scorns the heat he feels,",53,317
Beating his kind embracements with her heels.,53,318
"Then, like a melancholy malcontent,",54,319
"He veils his tail that, like a falling plume,",54,320
Cool shadow to his melting buttock lent:,54,321
He stamps and bites the poor flies in his fume.,54,322
"His love, perceiving how he is enraged,",54,323
"Grew kinder, and his fury was assuaged.",54,324
His testy master goeth about to take him;,55,325
"When, lo, the unback'd breeder, full of fear,",55,326
"Jealous of catching, swiftly doth forsake him,",55,327
"With her the horse, and left Adonis there:",55,328
"As they were mad, unto the wood they hie them,",55,329
Out-stripping crows that strive to over-fly them.,55,330
"All swoln with chafing, down Adonis sits,",56,331
Banning his boisterous and unruly beast:,56,332
"And now the happy season once more fits,",56,333
That love-sick Love by pleading may be blest;,56,334
"For lovers say, the heart hath treble wrong",56,335
When it is barr'd the aidance of the tongue.,56,336
"An oven that is stopp'd, or river stay'd,",57,337
"Burneth more hotly, swelleth with more rage:",57,338
So of concealed sorrow may be said;,57,339
Free vent of words love's fire doth assuage;,57,340
"But when the heart's attorney once is mute,",57,341
"The client breaks, as desperate in his suit.",57,342
"He sees her coming, and begins to glow,",58,343
"Even as a dying coal revives with wind,",58,344
And with his bonnet hides his angry brow;,58,345
"Looks on the dull earth with disturbed mind,",58,346
"Taking no notice that she is so nigh,",58,347
For all askance he holds her in his eye.,58,348
"O, what a sight it was, wistly to view",59,349
How she came stealing to the wayward boy!,59,350
"To note the fighting conflict of her hue,",59,351
How white and red each other did destroy!,59,352
"But now her cheek was pale, and by and by",59,353
"It flash'd forth fire, as lightning from the sky.",59,354
"Now was she just before him as he sat,",60,355
And like a lowly lover down she kneels;,60,356
"With one fair hand she heaveth up his hat,",60,357
Her other tender hand his fair cheek feels:,60,358
"His tenderer cheek receives her soft hand's print,",60,359
As apt as new-fall'n snow takes any dint.,60,360
"O, what a war of looks was then between them!",61,361
Her eyes petitioners to his eyes suing;,61,362
His eyes saw her eyes as they had not seen them;,61,363
"Her eyes woo'd still, his eyes disdain'd the wooing:",61,364
And all this dumb play had his acts made plain,61,365
"With tears, which, chorus-like, her eyes did rain.",61,366
"Full gently now she takes him by the hand,",62,367
"A lily prison'd in a gaol of snow,",62,368
Or ivory in an alabaster band;,62,369
So white a friend engirts so white a foe:,62,370
"This beauteous combat, wilful and unwilling,",62,371
Show'd like two silver doves that sit a-billing.,62,372
Once more the engine of her thoughts began:,63,373
"'O fairest mover on this mortal round,",63,374
"Would thou wert as I am, and I a man,",63,375
"My heart all whole as thine, thy heart my wound;",63,376
"For one sweet look thy help I would assure thee,",63,377
Though nothing but my body's bane would cure thee!,63,378
"'Give me my hand,' saith he, 'why dost thou feel it?'",64,379
"'Give me my heart,' saith she, 'and thou shalt have it:",64,380
"O, give it me, lest thy hard heart do steel it,",64,381
"And being steel'd, soft sighs can never grave it:",64,382
"Then love's deep groans I never shall regard,",64,383
Because Adonis' heart hath made mine hard.',64,384
"'For shame,' he cries, 'let go, and let me go;",65,385
"My day's delight is past, my horse is gone,",65,386
And 'tis your fault I am bereft him so:,65,387
"I pray you hence, and leave me here alone;",65,388
"For all my mind, my thought, my busy care,",65,389
Is how to get my palfrey from the mare.',65,390
"Thus she replies: 'Thy palfrey, as he should,",66,391
Welcomes the warm approach of sweet desire:,66,392
Affection is a coal that must be cool'd;,66,393
"Else, suffer'd, it will set the heart on fire:",66,394
"The sea hath bounds, but deep desire hath none;",66,395
Therefore no marvel though thy horse be gone.,66,396
"'How like a jade he stood, tied to the tree,",67,397
Servilely master'd with a leathern rein!,67,398
"But when he saw his love, his youth's fair fee,",67,399
He held such petty bondage in disdain;,67,400
"Throwing the base thong from his bending crest,",67,401
"Enfranchising his mouth, his back, his breast.",67,402
"'Who sees his true-love in her naked bed,",68,403
"Teaching the sheets a whiter hue than white,",68,404
"But, when his glutton eye so full hath fed,",68,405
His other agents aim at like delight?,68,406
"Who is so faint, that dare not be so bold",68,407
"To touch the fire, the weather being cold?",68,408
"'Let me excuse thy courser, gentle boy;",69,409
"And learn of him, I heartily beseech thee,",69,410
To take advantage on presented joy;,69,411
"Though I were dumb, yet his proceedings teach thee;",69,412
"O, learn to love; the lesson is but plain,",69,413
"And once made perfect, never lost again.'",69,414
"I know not love,' quoth he, 'nor will not know it,",70,415
"Unless it be a boar, and then I chase it;",70,416
"'Tis much to borrow, and I will not owe it;",70,417
My love to love is love but to disgrace it;,70,418
"For I have heard it is a life in death,",70,419
"That laughs and weeps, and all but with a breath.",70,420
'Who wears a garment shapeless and unfinish'd?,71,421
Who plucks the bud before one leaf put forth?,71,422
"If springing things be any jot diminish'd,",71,423
"They wither in their prime, prove nothing worth:",71,424
The colt that's back'd and burden'd being young,71,425
Loseth his pride and never waxeth strong.,71,426
"'You hurt my hand with wringing; let us part,",72,427
"And leave this idle theme, this bootless chat:",72,428
Remove your siege from my unyielding heart;,72,429
To love's alarms it will not ope the gate:,72,430
"Dismiss your vows, your feigned tears, your flattery;",72,431
For where a heart is hard they make no battery.',72,432
"'What! canst thou talk?' quoth she, 'hast thou a tongue?",73,433
"O, would thou hadst not, or I had no hearing!",73,434
Thy mermaid's voice hath done me double wrong;,73,435
"I had my load before, now press'd with bearing:",73,436
"Melodious discord, heavenly tune harshsounding,",73,437
"Ear's deep-sweet music, and heart's deep-sore wounding.",73,438
"'Had I no eyes but ears, my ears would love",74,439
That inward beauty and invisible;,74,440
"Or were I deaf, thy outward parts would move",74,441
Each part in me that were but sensible:,74,442
"Though neither eyes nor ears, to hear nor see,",74,443
Yet should I be in love by touching thee.,74,444
"'Say, that the sense of feeling were bereft me,",75,445
"And that I could not see, nor hear, nor touch,",75,446
"And nothing but the very smell were left me,",75,447
Yet would my love to thee be still as much;,75,448
For from the stillitory of thy face excelling,75,449
Comes breath perfumed that breedeth love by,75,450
smelling.,75,451
"'But, O, what banquet wert thou to the taste,",76,452
Being nurse and feeder of the other four!,76,453
"Would they not wish the feast might ever last,",76,454
"And bid Suspicion double-lock the door,",76,455
"Lest Jealousy, that sour unwelcome guest,",76,456
"Should, by his stealing in, disturb the feast?'",76,457
"Once more the ruby-colour'd portal open'd,",77,458
Which to his speech did honey passage yield;,77,459
"Like a red morn, that ever yet betoken'd",77,460
"Wreck to the seaman, tempest to the field,",77,461
"Sorrow to shepherds, woe unto the birds,",77,462
Gusts and foul flaws to herdmen and to herds.,77,463
This ill presage advisedly she marketh:,78,464
"Even as the wind is hush'd before it raineth,",78,465
"Or as the wolf doth grin before he barketh,",78,466
"Or as the berry breaks before it staineth,",78,467
"Or like the deadly bullet of a gun,",78,468
His meaning struck her ere his words begun.,78,469
"And at his look she flatly falleth down,",79,470
For looks kill love and love by looks reviveth;,79,471
A smile recures the wounding of a frown;,79,472
"But blessed bankrupt, that by love so thriveth!",79,473
"The silly boy, believing she is dead,",79,474
"Claps her pale cheek, till clapping makes it red;",79,475
"And all amazed brake off his late intent,",80,476
"For sharply he did think to reprehend her,",80,477
Which cunning love did wittily prevent:,80,478
Fair fall the wit that can so well defend her!,80,479
"For on the grass she lies as she were slain,",80,480
Till his breath breatheth life in her again.,80,481
"He wrings her nose, he strikes her on the cheeks,",81,482
"He bends her fingers, holds her pulses hard,",81,483
He chafes her lips; a thousand ways he seeks,81,484
To mend the hurt that his unkindness marr'd:,81,485
"He kisses her; and she, by her good will,",81,486
"Will never rise, so he will kiss her still.",81,487
The night of sorrow now is turn'd to day:,82,488
"Her two blue windows faintly she up-heaveth,",82,489
"Like the fair sun, when in his fresh array",82,490
He cheers the morn and all the earth relieveth;,82,491
"And as the bright sun glorifies the sky,",82,492
So is her face illumined with her eye;,82,493
"Whose beams upon his hairless face are fix'd,",83,494
As if from thence they borrow'd all their shine.,83,495
"Were never four such lamps together mix'd,",83,496
Had not his clouded with his brow's repine;,83,497
"But hers, which through the crystal tears gave light,",83,498
Shone like the moon in water seen by night.,83,499
"'O, where am I?' quoth she, 'in earth or heaven,",84,500
"Or in the ocean drench'd, or in the fire?",84,501
What hour is this? or morn or weary even?,84,502
"Do I delight to die, or life desire?",84,503
"But now I lived, and life was death's annoy;",84,504
"But now I died, and death was lively joy.",84,505
"'O, thou didst kill me: kill me once again:",85,506
"Thy eyes' shrewd tutor, that hard heart of thine,",85,507
Hath taught them scornful tricks and such disdain,85,508
That they have murder'd this poor heart of mine;,85,509
"And these mine eyes, true leaders to their queen,",85,510
But for thy piteous lips no more had seen.,85,511
"'Long may they kiss each other, for this cure!",86,512
"O, never let their crimson liveries wear!",86,513
"And as they last, their verdure still endure,",86,514
To drive infection from the dangerous year!,86,515
"That the star-gazers, having writ on death,",86,516
"May say, the plague is banish'd by thy breath.",86,517
"'Pure lips, sweet seals in my soft lips imprinted,",87,518
"What bargains may I make, still to be sealing?",87,519
"To sell myself I can be well contented,",87,520
So thou wilt buy and pay and use good dealing;,87,521
"Which purchase if thou make, for fear of slips",87,522
Set thy seal-manual on my wax-red lips.,87,523
'A thousand kisses buys my heart from me;,88,524
"And pay them at thy leisure, one by one.",88,525
What is ten hundred touches unto thee?,88,526
Are they not quickly told and quickly gone?,88,527
"Say, for non-payment that the debt should double,",88,528
Is twenty hundred kisses such a trouble?,88,529
"'Fair queen,' quoth he, 'if any love you owe me,",89,530
Measure my strangeness with my unripe years:,89,531
"Before I know myself, seek not to know me;",89,532
No fisher but the ungrown fry forbears:,89,533
"The mellow plum doth fall, the green sticks fast,",89,534
Or being early pluck'd is sour to taste.,89,535
"'Look, the world's comforter, with weary gait,",90,536
His day's hot task hath ended in the west;,90,537
"The owl, night's herald, shrieks, ''Tis very late;'",90,538
"The sheep are gone to fold, birds to their nest,",90,539
And coal-black clouds that shadow heaven's light,90,540
Do summon us to part and bid good night.,90,541
"'Now let me say 'Good night,' and so say you;",91,542
"If you will say so, you shall have a kiss.'",91,543
"'Good night,' quoth she, and, ere he says 'Adieu,'",91,544
The honey fee of parting tender'd is:,91,545
Her arms do lend his neck a sweet embrace;,91,546
Incorporate then they seem; face grows to face.,91,547
"Till, breathless, he disjoin'd, and backward drew",92,548
"The heavenly moisture, that sweet coral mouth,",92,549
"Whose precious taste her thirsty lips well knew,",92,550
"Whereon they surfeit, yet complain on drouth:",92,551
"He with her plenty press'd, she faint with dearth",92,552
"Their lips together glued, fall to the earth.",92,553
"Now quick desire hath caught the yielding prey,",93,554
"And glutton-like she feeds, yet never filleth;",93,555
"Her lips are conquerors, his lips obey,",93,556
Paying what ransom the insulter willeth;,93,557
"Whose vulture thought doth pitch the price so high,",93,558
That she will draw his lips' rich treasure dry:,93,559
"And having felt the sweetness of the spoil,",94,560
With blindfold fury she begins to forage;,94,561
"Her face doth reek and smoke, her blood doth boil,",94,562
"And careless lust stirs up a desperate courage,",94,563
"Planting oblivion, beating reason back,",94,564
Forgetting shame's pure blush and honour's wrack.,94,565
"Hot, faint, and weary, with her hard embracing,",95,566
"Like a wild bird being tamed with too much handling,",95,567
"Or as the fleet-foot roe that's tired with chasing,",95,568
"Or like the froward infant still'd with dandling,",95,569
"He now obeys, and now no more resisteth,",95,570
"While she takes all she can, not all she listeth.",95,571
"What wax so frozen but dissolves with tempering,",96,572
And yields at last to every light impression?,96,573
"Things out of hope are compass'd oft with venturing,",96,574
"Chiefly in love, whose leave exceeds commission:",96,575
"Affection faints not like a pale-faced coward,",96,576
But then woos best when most his choice is froward.,96,577
"When he did frown, O, had she then gave over,",97,578
Such nectar from his lips she had not suck'd.,97,579
Foul words and frowns must not repel a lover;,97,580
"What though the rose have prickles, yet 'tis pluck'd:",97,581
"Were beauty under twenty locks kept fast,",97,582
Yet love breaks through and picks them all at last.,97,583
For pity now she can no more detain him;,98,584
The poor fool prays her that he may depart:,98,585
She is resolved no longer to restrain him;,98,586
"Bids him farewell, and look well to her heart,",98,587
"The which, by Cupid's bow she doth protest,",98,588
He carries thence incaged in his breast.,98,589
"'Sweet boy,' she says, 'this night I'll waste in sorrow,",99,590
For my sick heart commands mine eyes to watch.,99,591
"Tell me, Love's master, shall we meet to-morrow?",99,592
"Say, shall we? shall we? wilt thou make the match?'",99,593
"He tells her, no; to-morrow he intends",99,594
To hunt the boar with certain of his friends.,99,595
"'The boar!' quoth she; whereat a sudden pale,",100,596
"Like lawn being spread upon the blushing rose,",100,597
"Usurps her cheek; she trembles at his tale,",100,598
And on his neck her yoking arms she throws:,100,599
"She sinketh down, still hanging by his neck,",100,600
"He on her belly falls, she on her back.",100,601
"Now is she in the very lists of love,",101,602
Her champion mounted for the hot encounter:,101,603
"All is imaginary she doth prove,",101,604
"He will not manage her, although he mount her;",101,605
"That worse than Tantalus' is her annoy,",101,606
To clip Elysium and to lack her joy.,101,607
"Even as poor birds, deceived with painted grapes,",102,608
"Do surfeit by the eye and pine the maw,",102,609
"Even so she languisheth in her mishaps,",102,610
As those poor birds that helpless berries saw.,102,611
The warm effects which she in him finds missing,102,612
She seeks to kindle with continual kissing.,102,613
"But all in vain; good queen, it will not be:",103,614
She hath assay'd as much as may be proved;,103,615
Her pleading hath deserved a greater fee;,103,616
"She's Love, she loves, and yet she is not loved.",103,617
"'Fie, fie,' he says, 'you crush me; let me go;",103,618
You have no reason to withhold me so.',103,619
"'Thou hadst been gone,' quoth she, 'sweet boy, ere this,",104,620
But that thou told'st me thou wouldst hunt the boar.,104,621
"O, be advised! thou know'st not what it is",104,622
"With javelin's point a churlish swine to gore,",104,623
"Whose tushes never sheathed he whetteth still,",104,624
Like to a mortal butcher bent to kill.,104,625
'On his bow-back he hath a battle set,105,626
"Of bristly pikes, that ever threat his foes;",105,627
"His eyes, like glow-worms, shine when he doth fret;",105,628
His snout digs sepulchres where'er he goes;,105,629
"Being moved, he strikes whate'er is in his way,",105,630
And whom he strikes his cruel tushes slay.,105,631
"'His brawny sides, with hairy bristles arm'd,",106,632
Are better proof than thy spear's point can enter;,106,633
His short thick neck cannot be easily harm'd;,106,634
"Being ireful, on the lion he will venture:",106,635
"The thorny brambles and embracing bushes,",106,636
"As fearful of him, part, through whom he rushes.",106,637
"'Alas, he nought esteems that face of thine,",107,638
To which Love's eyes pay tributary gazes;,107,639
"Nor thy soft hands, sweet lips and crystal eyne,",107,640
Whose full perfection all the world amazes;,107,641
"But having thee at vantage,--wondrous dread!--",107,642
Would root these beauties as he roots the mead.,107,643
"'O, let him keep his loathsome cabin still;",108,644
Beauty hath nought to do with such foul fiends:,108,645
Come not within his danger by thy will;,108,646
They that thrive well take counsel of their friends.,108,647
"When thou didst name the boar, not to dissemble,",108,648
"I fear'd thy fortune, and my joints did tremble.",108,649
'Didst thou not mark my face? was it not white?,109,650
Saw'st thou not signs of fear lurk in mine eye?,109,651
Grew I not faint? and fell I not downright?,109,652
"Within my bosom, whereon thou dost lie,",109,653
"My boding heart pants, beats, and takes no rest,",109,654
"But, like an earthquake, shakes thee on my breast.",109,655
"'For where Love reigns, disturbing Jealousy",110,656
Doth call himself Affection's sentinel;,110,657
"Gives false alarms, suggesteth mutiny,",110,658
"And in a peaceful hour doth cry 'Kill, kill!'",110,659
"Distempering gentle Love in his desire,",110,660
As air and water do abate the fire.,110,661
"'This sour informer, this bate-breeding spy,",111,662
"This canker that eats up Love's tender spring,",111,663
"This carry-tale, dissentious Jealousy,",111,664
"That sometime true news, sometime false doth bring,",111,665
Knocks at my heat and whispers in mine ear,111,666
"That if I love thee, I thy death should fear:",111,667
"'And more than so, presenteth to mine eye",112,668
"The picture of an angry-chafing boar,",112,669
Under whose sharp fangs on his back doth lie,112,670
"An image like thyself, all stain'd with gore;",112,671
Whose blood upon the fresh flowers being shed,112,672
Doth make them droop with grief and hang the head.,112,673
"'What should I do, seeing thee so indeed,",113,674
That tremble at the imagination?,113,675
"The thought of it doth make my faint heart bleed,",113,676
And fear doth teach it divination:,113,677
"I prophesy thy death, my living sorrow,",113,678
If thou encounter with the boar to-morrow.,113,679
"'But if thou needs wilt hunt, be ruled by me;",114,680
"Uncouple at the timorous flying hare,",114,681
"Or at the fox which lives by subtlety,",114,682
Or at the roe which no encounter dare:,114,683
"Pursue these fearful creatures o'er the downs,",114,684
And on thy well-breath'd horse keep with thy,114,685
hounds.,114,686
"'And when thou hast on foot the purblind hare,",115,687
"Mark the poor wretch, to overshoot his troubles",115,688
How he outruns the wind and with what care,115,689
He cranks and crosses with a thousand doubles:,115,690
The many musets through the which he goes,115,691
Are like a labyrinth to amaze his foes.,115,692
"'Sometime he runs among a flock of sheep,",116,693
"To make the cunning hounds mistake their smell,",116,694
"And sometime where earth-delving conies keep,",116,695
"To stop the loud pursuers in their yell,",116,696
And sometime sorteth with a herd of deer:,116,697
Danger deviseth shifts; wit waits on fear:,116,698
"'For there his smell with others being mingled,",117,699
"The hot scent-snuffing hounds are driven to doubt,",117,700
Ceasing their clamorous cry till they have singled,117,701
With much ado the cold fault cleanly out;,117,702
"Then do they spend their mouths: Echo replies,",117,703
As if another chase were in the skies.,117,704
"'By this, poor Wat, far off upon a hill,",118,705
"Stands on his hinder legs with listening ear,",118,706
To harken if his foes pursue him still:,118,707
Anon their loud alarums he doth hear;,118,708
And now his grief may be compared well,118,709
To one sore sick that hears the passing-bell.,118,710
'Then shalt thou see the dew-bedabbled wretch,119,711
"Turn, and return, indenting with the way;",119,712
"Each envious brier his weary legs doth scratch,",119,713
"Each shadow makes him stop, each murmur stay:",119,714
"For misery is trodden on by many,",119,715
And being low never relieved by any.,119,716
"'Lie quietly, and hear a little more;",120,717
"Nay, do not struggle, for thou shalt not rise:",120,718
"To make thee hate the hunting of the boar,",120,719
"Unlike myself thou hear'st me moralize,",120,720
"Applying this to that, and so to so;",120,721
For love can comment upon every woe.,120,722
"'Where did I leave?' 'No matter where,' quoth he,",121,723
"'Leave me, and then the story aptly ends:",121,724
"The night is spent.' 'Why, what of that?' quoth she.",121,725
"'I am,' quoth he, 'expected of my friends;",121,726
"And now 'tis dark, and going I shall fall.'",121,727
"'In night,' quoth she, 'desire sees best of all",121,728
"'But if thou fall, O, then imagine this,",122,729
"The earth, in love with thee, thy footing trips,",122,730
And all is but to rob thee of a kiss.,122,731
Rich preys make true men thieves; so do thy lips,122,732
"Make modest Dian cloudy and forlorn,",122,733
Lest she should steal a kiss and die forsworn.,122,734
'Now of this dark night I perceive the reason:,123,735
"Cynthia for shame obscures her silver shine,",123,736
"Till forging Nature be condemn'd of treason,",123,737
For stealing moulds from heaven that were divine;,123,738
"Wherein she framed thee in high heaven's despite,",123,739
To shame the sun by day and her by night.,123,740
'And therefore hath she bribed the Destinies,124,741
"To cross the curious workmanship of nature,",124,742
"To mingle beauty with infirmities,",124,743
"And pure perfection with impure defeature,",124,744
Making it subject to the tyranny,124,745
Of mad mischances and much misery;,124,746
"'As burning fevers, agues pale and faint,",125,747
"Life-poisoning pestilence and frenzies wood,",125,748
"The marrow-eating sickness, whose attaint",125,749
Disorder breeds by heating of the blood:,125,750
"Surfeits, imposthumes, grief, and damn'd despair,",125,751
Swear nature's death for framing thee so fair.,125,752
'And not the least of all these maladies,126,753
But in one minute's fight brings beauty under:,126,754
"Both favour, savour, hue and qualities,",126,755
"Whereat the impartial gazer late did wonder,",126,756
"Are on the sudden wasted, thaw'd and done,",126,757
As mountain-snow melts with the midday sun.,126,758
"'Therefore, despite of fruitless chastity,",127,759
"Love-lacking vestals and self-loving nuns,",127,760
That on the earth would breed a scarcity,127,761
"And barren dearth of daughters and of sons,",127,762
Be prodigal: the lamp that burns by night,127,763
Dries up his oil to lend the world his light.,127,764
"'What is thy body but a swallowing grave,",128,765
Seeming to bury that posterity,128,766
"Which by the rights of time thou needs must have,",128,767
If thou destroy them not in dark obscurity?,128,768
"If so, the world will hold thee in disdain,",128,769
Sith in thy pride so fair a hope is slain.,128,770
'So in thyself thyself art made away;,129,771
"A mischief worse than civil home-bred strife,",129,772
"Or theirs whose desperate hands themselves do slay,",129,773
Or butcher-sire that reaves his son of life.,129,774
"Foul-cankering rust the hidden treasure frets,",129,775
But gold that's put to use more gold begets.',129,776
"'Nay, then,' quoth Adon, 'you will fall again",130,777
Into your idle over-handled theme:,130,778
"The kiss I gave you is bestow'd in vain,",130,779
And all in vain you strive against the stream;,130,780
"For, by this black-faced night, desire's foul nurse,",130,781
Your treatise makes me like you worse and worse.,130,782
"'If love have lent you twenty thousand tongues,",131,783
"And every tongue more moving than your own,",131,784
"Bewitching like the wanton mermaid's songs,",131,785
Yet from mine ear the tempting tune is blown,131,786
"For know, my heart stands armed in mine ear,",131,787
And will not let a false sound enter there;,131,788
'Lest the deceiving harmony should run,132,789
Into the quiet closure of my breast;,132,790
"And then my little heart were quite undone,",132,791
In his bedchamber to be barr'd of rest.,132,792
"No, lady, no; my heart longs not to groan,",132,793
"But soundly sleeps, while now it sleeps alone.",132,794
'What have you urged that I cannot reprove?,133,795
The path is smooth that leadeth on to danger:,133,796
"I hate not love, but your device in love,",133,797
That lends embracements unto every stranger.,133,798
"You do it for increase: O strange excuse,",133,799
When reason is the bawd to lust's abuse!,133,800
"'Call it not love, for Love to heaven is fled,",134,801
Since sweating Lust on earth usurp'd his name;,134,802
Under whose simple semblance he hath fed,134,803
"Upon fresh beauty, blotting it with blame;",134,804
"Which the hot tyrant stains and soon bereaves,",134,805
As caterpillars do the tender leaves.,134,806
"'Love comforteth like sunshine after rain,",135,807
But Lust's effect is tempest after sun;,135,808
"Love's gentle spring doth always fresh remain,",135,809
Lust's winter comes ere summer half be done;,135,810
"Love surfeits not, Lust like a glutton dies;",135,811
"Love is all truth, Lust full of forged lies.",135,812
"'More I could tell, but more I dare not say;",136,813
"The text is old, the orator too green.",136,814
"Therefore, in sadness, now I will away;",136,815
"My face is full of shame, my heart of teen:",136,816
"Mine ears, that to your wanton talk attended,",136,817
Do burn themselves for having so offended.',136,818
"With this, he breaketh from the sweet embrace,",137,819
"Of those fair arms which bound him to her breast,",137,820
And homeward through the dark laund runs apace;,137,821
Leaves Love upon her back deeply distress'd.,137,822
"Look, how a bright star shooteth from the sky,",137,823
So glides he in the night from Venus' eye.,137,824
"Which after him she darts, as one on shore",138,825
"Gazing upon a late-embarked friend,",138,826
"Till the wild waves will have him seen no more,",138,827
Whose ridges with the meeting clouds contend:,138,828
So did the merciless and pitchy night,138,829
Fold in the object that did feed her sight.,138,830
"Whereat amazed, as one that unaware",139,831
"Hath dropp'd a precious jewel in the flood,",139,832
"Or stonish'd as night-wanderers often are,",139,833
"Their light blown out in some mistrustful wood,",139,834
"Even so confounded in the dark she lay,",139,835
Having lost the fair discovery of her way.,139,836
"And now she beats her heart, whereat it groans,",140,837
"That all the neighbour caves, as seeming troubled,",140,838
Make verbal repetition of her moans;,140,839
Passion on passion deeply is redoubled:,140,840
"'Ay me!' she cries, and twenty times 'Woe, woe!'",140,841
And twenty echoes twenty times cry so.,140,842
She marking them begins a wailing note,141,843
And sings extemporally a woeful ditty;,141,844
How love makes young men thrall and old men dote;,141,845
"How love is wise in folly, foolish-witty:",141,846
"Her heavy anthem still concludes in woe,",141,847
And still the choir of echoes answer so.,141,848
"Her song was tedious and outwore the night,",142,849
"For lovers' hours are long, though seeming short:",142,850
"If pleased themselves, others, they think, delight",142,851
"In such-like circumstance, with suchlike sport:",142,852
Their copious stories oftentimes begun,142,853
End without audience and are never done.,142,854
For who hath she to spend the night withal,143,855
"But idle sounds resembling parasites,",143,856
"Like shrill-tongued tapsters answering every call,",143,857
Soothing the humour of fantastic wits?,143,858
She says ''Tis so:' they answer all ''Tis so;',143,859
"And would say after her, if she said 'No.'",143,860
"Lo, here the gentle lark, weary of rest,",144,861
"From his moist cabinet mounts up on high,",144,862
"And wakes the morning, from whose silver breast",144,863
The sun ariseth in his majesty;,144,864
Who doth the world so gloriously behold,144,865
That cedar-tops and hills seem burnish'd gold.,144,866
Venus salutes him with this fair good-morrow:,145,867
"'O thou clear god, and patron of all light,",145,868
From whom each lamp and shining star doth borrow,145,869
"The beauteous influence that makes him bright,",145,870
"There lives a son that suck'd an earthly mother,",145,871
"May lend thee light, as thou dost lend to other.'",145,872
"This said, she hasteth to a myrtle grove,",146,873
"Musing the morning is so much o'erworn,",146,874
And yet she hears no tidings of her love:,146,875
She hearkens for his hounds and for his horn:,146,876
"Anon she hears them chant it lustily,",146,877
And all in haste she coasteth to the cry.,146,878
"And as she runs, the bushes in the way",147,879
"Some catch her by the neck, some kiss her face,",147,880
Some twine about her thigh to make her stay:,147,881
"She wildly breaketh from their strict embrace,",147,882
"Like a milch doe, whose swelling dugs do ache,",147,883
Hasting to feed her fawn hid in some brake.,147,884
"By this, she hears the hounds are at a bay;",148,885
"Whereat she starts, like one that spies an adder",148,886
"Wreathed up in fatal folds just in his way,",148,887
The fear whereof doth make him shake and shudder;,148,888
Even so the timorous yelping of the hounds,148,889
Appals her senses and her spirit confounds.,148,890
"For now she knows it is no gentle chase,",149,891
"But the blunt boar, rough bear, or lion proud,",149,892
"Because the cry remaineth in one place,",149,893
Where fearfully the dogs exclaim aloud:,149,894
"Finding their enemy to be so curst,",149,895
They all strain courtesy who shall cope him first.,149,896
"This dismal cry rings sadly in her ear,",150,897
Through which it enters to surprise her heart;,150,898
"Who, overcome by doubt and bloodless fear,",150,899
With cold-pale weakness numbs each feeling part:,150,900
"Like soldiers, when their captain once doth yield,",150,901
They basely fly and dare not stay the field.,150,902
Thus stands she in a trembling ecstasy;,151,903
"Till, cheering up her senses all dismay'd,",151,904
"She tells them 'tis a causeless fantasy,",151,905
"And childish error, that they are afraid;",151,906
"Bids them leave quaking, bids them fear no more:--",151,907
"And with that word she spied the hunted boar,",151,908
"Whose frothy mouth, bepainted all with red,",152,909
"Like milk and blood being mingled both together,",152,910
"A second fear through all her sinews spread,",152,911
Which madly hurries her she knows not whither:,152,912
"This way runs, and now she will no further,",152,913
But back retires to rate the boar for murther.,152,914
A thousand spleens bear her a thousand ways;,153,915
She treads the path that she untreads again;,153,916
"Her more than haste is mated with delays,",153,917
"Like the proceedings of a drunken brain,",153,918
"Full of respects, yet nought at all respecting;",153,919
"In hand with all things, nought at all effecting.",153,920
"Here kennell'd in a brake she finds a hound,",154,921
"And asks the weary caitiff for his master,",154,922
"And there another licking of his wound,",154,923
'Gainst venom'd sores the only sovereign plaster;,154,924
"And here she meets another sadly scowling,",154,925
"To whom she speaks, and he replies with howling.",154,926
"When he hath ceased his ill-resounding noise,",155,927
"Another flap-mouth'd mourner, black and grim,",155,928
Against the welkin volleys out his voice;,155,929
"Another and another answer him,",155,930
"Clapping their proud tails to the ground below,",155,931
"Shaking their scratch'd ears, bleeding as they go.",155,932
"Look, how the world's poor people are amazed",156,933
"At apparitions, signs and prodigies,",156,934
"Whereon with fearful eyes they long have gazed,",156,935
Infusing them with dreadful prophecies;,156,936
So she at these sad signs draws up her breath,156,937
"And sighing it again, exclaims on Death.",156,938
"'Hard-favour'd tyrant, ugly, meagre, lean,",157,939
"Hateful divorce of love,'--thus chides she Death,--",157,940
"'Grim-grinning ghost, earth's worm, what dost thou mean",157,941
"To stifle beauty and to steal his breath,",157,942
"Who when he lived, his breath and beauty set",157,943
"Gloss on the rose, smell to the violet?",157,944
"'If he be dead,--O no, it cannot be,",158,945
"Seeing his beauty, thou shouldst strike at it:--",158,946
"O yes, it may; thou hast no eyes to see,",158,947
But hatefully at random dost thou hit.,158,948
"Thy mark is feeble age, but thy false dart",158,949
Mistakes that aim and cleaves an infant's heart.,158,950
"'Hadst thou but bid beware, then he had spoke,",159,951
"And, hearing him, thy power had lost his power.",159,952
The Destinies will curse thee for this stroke;,159,953
"They bid thee crop a weed, thou pluck'st a flower:",159,954
"Love's golden arrow at him should have fled,",159,955
"And not Death's ebon dart, to strike dead.",159,956
"'Dost thou drink tears, that thou provokest such weeping?",160,957
What may a heavy groan advantage thee?,160,958
Why hast thou cast into eternal sleeping,160,959
Those eyes that taught all other eyes to see?,160,960
"Now Nature cares not for thy mortal vigour,",160,961
Since her best work is ruin'd with thy rigour.',160,962
"Here overcome, as one full of despair,",161,963
"She vail'd her eyelids, who, like sluices, stopt",161,964
The crystal tide that from her two cheeks fair,161,965
In the sweet channel of her bosom dropt;,161,966
"But through the flood-gates breaks the silver rain,",161,967
And with his strong course opens them again.,161,968
"O, how her eyes and tears did lend and borrow!",162,969
"Her eyes seen in the tears, tears in her eye;",162,970
"Both crystals, where they view'd each other's sorrow,",162,971
Sorrow that friendly sighs sought still to dry;,162,972
"But like a stormy day, now wind, now rain,",162,973
"Sighs dry her cheeks, tears make them wet again.",162,974
"Variable passions throng her constant woe,",163,975
As striving who should best become her grief;,163,976
"All entertain'd, each passion labours so,",163,977
"That every present sorrow seemeth chief,",163,978
"But none is best: then join they all together,",163,979
Like many clouds consulting for foul weather.,163,980
"By this, far off she hears some huntsman hollo;",164,981
A nurse's song ne'er pleased her babe so well:,164,982
The dire imagination she did follow,164,983
This sound of hope doth labour to expel;,164,984
"For now reviving joy bids her rejoice,",164,985
And flatters her it is Adonis' voice.,164,986
"Whereat her tears began to turn their tide,",165,987
Being prison'd in her eye like pearls in glass;,165,988
"Yet sometimes falls an orient drop beside,",165,989
"Which her cheek melts, as scorning it should pass,",165,990
"To wash the foul face of the sluttish ground,",165,991
Who is but drunken when she seemeth drown'd.,165,992
"O hard-believing love, how strange it seems",166,993
"Not to believe, and yet too credulous!",166,994
Thy weal and woe are both of them extremes;,166,995
Despair and hope makes thee ridiculous:,166,996
"The one doth flatter thee in thoughts unlikely,",166,997
In likely thoughts the other kills thee quickly.,166,998
Now she unweaves the web that she hath wrought;,167,999
"Adonis lives, and Death is not to blame;",167,1000
"It was not she that call'd him, all-to naught:",167,1001
Now she adds honours to his hateful name;,167,1002
"She clepes him king of graves and grave for kings,",167,1003
Imperious supreme of all mortal things.,167,1004
"'No, no,' quoth she, 'sweet Death, I did but jest;",168,1005
Yet pardon me I felt a kind of fear,168,1006
"When as I met the boar, that bloody beast,",168,1007
"Which knows no pity, but is still severe;",168,1008
"Then, gentle shadow,--truth I must confess,--",168,1009
"I rail'd on thee, fearing my love's decease.",168,1010
''Tis not my fault: the boar provoked my tongue;,169,1011
"Be wreak'd on him, invisible commander;",169,1012
"'Tis he, foul creature, that hath done thee wrong;",169,1013
"I did but act, he's author of thy slander:",169,1014
"Grief hath two tongues, and never woman yet",169,1015
Could rule them both without ten women's wit.',169,1016
"Thus hoping that Adonis is alive,",170,1017
Her rash suspect she doth extenuate;,170,1018
"And that his beauty may the better thrive,",170,1019
With Death she humbly doth insinuate;,170,1020
"Tells him of trophies, statues, tombs, and stories",170,1021
"His victories, his triumphs and his glories.",170,1022
"'O Jove,' quoth she, 'how much a fool was I",171,1023
To be of such a weak and silly mind,171,1024
To wail his death who lives and must not die,171,1025
Till mutual overthrow of mortal kind!,171,1026
"For he being dead, with him is beauty slain,",171,1027
"And, beauty dead, black chaos comes again.",171,1028
"'Fie, fie, fond love, thou art so full of fear",172,1029
"As one with treasure laden, hemm'd thieves;",172,1030
"Trifles, unwitnessed with eye or ear,",172,1031
Thy coward heart with false bethinking grieves.',172,1032
"Even at this word she hears a merry horn,",172,1033
Whereat she leaps that was but late forlorn.,172,1034
"As falcon to the lure, away she flies;",173,1035
"The grass stoops not, she treads on it so light;",173,1036
And in her haste unfortunately spies,173,1037
The foul boar's conquest on her fair delight;,173,1038
"Which seen, her eyes, as murder'd with the view,",173,1039
"Like stars ashamed of day, themselves withdrew;",173,1040
"Or, as the snail, whose tender horns being hit,",174,1041
"Shrinks backward in his shelly cave with pain,",174,1042
"And there, all smother'd up, in shade doth sit,",174,1043
Long after fearing to creep forth again;,174,1044
"So, at his bloody view, her eyes are fled",174,1045
Into the deep dark cabins of her head:,174,1046
Where they resign their office and their light,175,1047
To the disposing of her troubled brain;,175,1048
"Who bids them still consort with ugly night,",175,1049
And never wound the heart with looks again;,175,1050
"Who like a king perplexed in his throne,",175,1051
"By their suggestion gives a deadly groan,",175,1052
Whereat each tributary subject quakes;,176,1053
"As when the wind, imprison'd in the ground,",176,1054
"Struggling for passage, earth's foundation shakes,",176,1055
Which with cold terror doth men's minds confound.,176,1056
This mutiny each part doth so surprise,176,1057
That from their dark beds once more leap her eyes;,176,1058
"And, being open'd, threw unwilling light",177,1059
Upon the wide wound that the boar had trench'd,177,1060
In his soft flank; whose wonted lily white,177,1061
"With purple tears, that his wound wept, was drench'd:",177,1062
"No flower was nigh, no grass, herb, leaf, or weed,",177,1063
But stole his blood and seem'd with him to bleed.,177,1064
This solemn sympathy poor Venus noteth;,178,1065
Over one shoulder doth she hang her head;,178,1066
"Dumbly she passions, franticly she doteth;",178,1067
"She thinks he could not die, he is not dead:",178,1068
"Her voice is stopt, her joints forget to bow;",178,1069
Her eyes are mad that they have wept til now.,178,1070
"Upon his hurt she looks so steadfastly,",179,1071
That her sight dazzling makes the wound seem three;,179,1072
"And then she reprehends her mangling eye,",179,1073
That makes more gashes where no breach should be:,179,1074
"His face seems twain, each several limb is doubled;",179,1075
"For oft the eye mistakes, the brain being troubled.",179,1076
"'My tongue cannot express my grief for one,",180,1077
"And yet,' quoth she, 'behold two Adons dead!",180,1078
"My sighs are blown away, my salt tears gone,",180,1079
"Mine eyes are turn'd to fire, my heart to lead:",180,1080
"Heavy heart's lead, melt at mine eyes' red fire!",180,1081
So shall I die by drops of hot desire.,180,1082
"'Alas, poor world, what treasure hast thou lost!",181,1083
What face remains alive that's worth the viewing?,181,1084
Whose tongue is music now? what canst thou boast,181,1085
"Of things long since, or any thing ensuing?",181,1086
"The flowers are sweet, their colours fresh and trim;",181,1087
But true-sweet beauty lived and died with him.,181,1088
'Bonnet nor veil henceforth no creature wear!,182,1089
Nor sun nor wind will ever strive to kiss you:,182,1090
"Having no fair to lose, you need not fear;",182,1091
The sun doth scorn you and the wind doth hiss you:,182,1092
"But when Adonis lived, sun and sharp air",182,1093
"Lurk'd like two thieves, to rob him of his fair:",182,1094
"'And therefore would he put his bonnet on,",183,1095
Under whose brim the gaudy sun would peep;,183,1096
"The wind would blow it off and, being gone,",183,1097
Play with his locks: then would Adonis weep;,183,1098
"And straight, in pity of his tender years,",183,1099
They both would strive who first should dry his tears.,183,1100
'To see his face the lion walk'd along,184,1101
"Behind some hedge, because he would not fear him;",184,1102
"To recreate himself when he hath sung,",184,1103
The tiger would be tame and gently hear him;,184,1104
"If he had spoke, the wolf would leave his prey",184,1105
And never fright the silly lamb that day.,184,1106
"'When he beheld his shadow in the brook,",185,1107
The fishes spread on it their golden gills;,185,1108
"When he was by, the birds such pleasure took,",185,1109
"That some would sing, some other in their bills",185,1110
Would bring him mulberries and ripe-red cherries;,185,1111
"He fed them with his sight, they him with berries.",185,1112
"'But this foul, grim, and urchin-snouted boar,",186,1113
"Whose downward eye still looketh for a grave,",186,1114
Ne'er saw the beauteous livery that he wore;,186,1115
Witness the entertainment that he gave:,186,1116
"If he did see his face, why then I know",186,1117
"He thought to kiss him, and hath kill'd him so.",186,1118
"''Tis true, 'tis true; thus was Adonis slain:",187,1119
"He ran upon the boar with his sharp spear,",187,1120
"Who did not whet his teeth at him again,",187,1121
But by a kiss thought to persuade him there;,187,1122
"And nuzzling in his flank, the loving swine",187,1123
Sheathed unaware the tusk in his soft groin.,187,1124
"'Had I been tooth'd like him, I must confess,",188,1125
With kissing him I should have kill'd him first;,188,1126
"But he is dead, and never did he bless",188,1127
My youth with his; the more am I accurst.',188,1128
"With this, she falleth in the place she stood,",188,1129
And stains her face with his congealed blood.,188,1130
"She looks upon his lips, and they are pale;",189,1131
"She takes him by the hand, and that is cold;",189,1132
"She whispers in his ears a heavy tale,",189,1133
As if they heard the woeful words she told;,189,1134
"She lifts the coffer-lids that close his eyes,",189,1135
"Where, lo, two lamps, burnt out, in darkness lies;",189,1136
"Two glasses, where herself herself beheld",190,1137
"A thousand times, and now no more reflect;",190,1138
"Their virtue lost, wherein they late excell'd,",190,1139
And every beauty robb'd of his effect:,190,1140
"'Wonder of time,' quoth she, 'this is my spite,",190,1141
"That, thou being dead, the day should yet be light.",190,1142
"'Since thou art dead, lo, here I prophesy:",191,1143
Sorrow on love hereafter shall attend:,191,1144
"It shall be waited on with jealousy,",191,1145
"Find sweet beginning, but unsavoury end,",191,1146
"Ne'er settled equally, but high or low,",191,1147
That all love's pleasure shall not match his woe.,191,1148
"'It shall be fickle, false and full of fraud,",192,1149
Bud and be blasted in a breathing-while;,192,1150
"The bottom poison, and the top o'erstraw'd",192,1151
With sweets that shall the truest sight beguile:,192,1152
"The strongest body shall it make most weak,",192,1153
Strike the wise dumb and teach the fool to speak.,192,1154
"'It shall be sparing and too full of riot,",193,1155
Teaching decrepit age to tread the measures;,193,1156
"The staring ruffian shall it keep in quiet,",193,1157
"Pluck down the rich, enrich the poor with treasures;",193,1158
"It shall be raging-mad and silly-mild,",193,1159
"Make the young old, the old become a child.",193,1160
'It shall suspect where is no cause of fear;,194,1161
It shall not fear where it should most mistrust;,194,1162
"It shall be merciful and too severe,",194,1163
And most deceiving when it seems most just;,194,1164
"Perverse it shall be where it shows most toward,",194,1165
"Put fear to valour, courage to the coward.",194,1166
"'It shall be cause of war and dire events,",195,1167
And set dissension 'twixt the son and sire;,195,1168
"Subject and servile to all discontents,",195,1169
As dry combustious matter is to fire:,195,1170
"Sith in his prime Death doth my love destroy,",195,1171
They that love best their loves shall not enjoy.',195,1172
"By this, the boy that by her side lay kill'd",196,1173
"Was melted like a vapour from her sight,",196,1174
"And in his blood that on the ground lay spill'd,",196,1175
"A purple flower sprung up, chequer'd with white,",196,1176
Resembling well his pale cheeks and the blood,196,1177
Which in round drops upon their whiteness stood.,196,1178
"She bows her head, the new-sprung flower to smell,",197,1179
"Comparing it to her Adonis' breath,",197,1180
"And says, within her bosom it shall dwell,",197,1181
Since he himself is reft from her by death:,197,1182
"She crops the stalk, and in the breach appears",197,1183
"Green dropping sap, which she compares to tears.",197,1184
"'Poor flower,' quoth she, 'this was thy fathers guise--",198,1185
Sweet issue of a more sweet-smelling sire--,198,1186
For every little grief to wet his eyes:,198,1187
"To grow unto himself was his desire,",198,1188
"And so 'tis thine; but know, it is as good",198,1189
To wither in my breast as in his blood.,198,1190
"'Here was thy father's bed, here in my breast;",199,1191
"Thou art the next of blood, and 'tis thy right:",199,1192
"Lo, in this hollow cradle take thy rest,",199,1193
My throbbing heart shall rock thee day and night:,199,1194
There shall not be one minute in an hour,199,1195
Wherein I will not kiss my sweet love's flower.',199,1196
"Thus weary of the world, away she hies,",200,1197
And yokes her silver doves; by whose swift aid,200,1198
Their mistress mounted through the empty skies,200,1199
In her light chariot quickly is convey'd;,200,1200
"Holding their course to Paphos, where their queen",200,1201
Means to immure herself and not be seen.,200,1202
